Order_ID,Order_Date,Customer_ID,Customer_Name,Region,Product_Category,Product_Name,Sales,Quantity,Profit,Discount
1494,2026-01-05,20,Rebecca Hernandez,East,Technology,Hour,925.56,7,216.47,0.17
1159,2024-07-22,176,Patricia Fox,North,Office Supplies,Job,436.6,7,-39.06,0.08
1918,2024-08-19,121,Jacob Brown,South,Technology,Possible,271.83,3,228.47,0.41
1157,2025-08-04,62,Benjamin Barrera,West,Technology,Country,312.89,3,198.45,0.03
1851,2025-06-09,124,Andrew Ruiz,West,Office Supplies,Wrong,959.09,6,78.66,0.12
1494,2024-11-18,146,Taylor Hernandez,North,Furniture,Catch,816.31,2,48.38,0.31
1221,2025-10-27,98,Madeline Murphy,South,Technology,Health,696.46,9,166.89,0.36
1376,2025-09-30,53,Brian Sanchez,North,Office Supplies,After,679.51,5,105.37,0.23
1520,2026-03-13,160,Melanie Preston,East,Office Supplies,Ground,952.81,4,219.65,0.28
1165,2025-05-06,193,Samantha Hess,North,Office Supplies,Standard,339.14,8,255.9,0.03
1822,2025-06-07,148,Aaron Garcia,North,Furniture,Someone,97.87,3,224.96,0.47
1463,2025-02-18,170,Jenny Hamilton,South,Technology,Surface,970.96,2,18.62,0.47
1328,2024-06-05,184,Derrick Downs,North,Office Supplies,Threat,832.58,9,179.9,0.16
1994,2026-03-05,84,Austin Holmes,East,Technology,Bed,176.0,6,19.89,0.18
1213,2025-06-26,137,Steven Kramer,East,Technology,Skill,495.85,10,80.55,0.15
1349,2025-03-20,71,Susan Foster,North,Furniture,More,177.64,2,75.64,0.47
1206,2025-03-24,9,Alicia Young,North,Office Supplies,Quality,866.89,4,25.02,0.47
1478,2026-03-31,200,David Smith,East,Office Supplies,Whose,281.76,2,-28.29,0.22
1236,2025-03-01,82,Marie Turner,South,Office Supplies,Space,930.5,7,-24.95,0.34
1427,2024-10-25,125,Shawn Bryant,North,Office Supplies,Price,179.78,10,102.31,0.15
1214,2024-11-18,195,Steven Fernandez,South,Furniture,Which,242.45,1,147.17,0.45
1128,2024-10-16,10,Caroline Wade,West,Office Supplies,Picture,418.66,9,260.43,0.25
1005,2026-02-19,102,Kelsey Young,East,Furniture,Large,643.54,8,206.79,0.3
1605,2025-04-20,107,Mary Hall,East,Furniture,Alone,673.63,7,272.69,0.24
1981,2024-06-22,6,William Robertson,North,Technology,Bill,608.15,5,225.42,0.18
1822,2026-02-13,168,Kelly Maxwell,North,Technology,News,454.99,3,149.52,0.47
1897,2024-05-24,156,Christopher Burton DDS,East,Technology,Modern,277.14,7,86.26,0.35
1411,2025-03-18,44,Sharon Goodman,South,Technology,Me,725.29,1,274.82,0.21
1076,2024-06-12,38,Leslie Barnett,West,Office Supplies,Song,954.17,8,246.5,0.46
1832,2024-07-23,103,John Jackson,West,Office Supplies,Her,252.04,5,225.52,0.25
1036,2024-08-18,8,Tanya Ryan,North,Office Supplies,Kitchen,911.83,10,164.41,0.06
1293,2024-05-29,7,Aaron Santiago,East,Office Supplies,Major,463.67,7,-2.11,0.5
1077,2025-09-15,127,Jessica Campbell,West,Office Supplies,Positive,362.32,9,147.03,0.27
1856,2025-03-11,100,Joseph Curtis,South,Office Supplies,Cover,912.4,4,222.74,0.15
1413,2024-08-03,98,Julie Green,South,Office Supplies,Send,53.06,6,7.69,0.15
1918,2026-01-23,7,Sarah Brown,West,Furniture,Soldier,476.68,10,63.29,0.05
1172,2025-04-23,132,Roy Norman,West,Technology,Never,271.02,3,97.61,0.21
1594,2025-08-10,59,Danielle Bowman,West,Technology,Street,976.32,1,2.06,0.1
1335,2025-05-17,134,Bradley Lopez,North,Furniture,First,935.52,4,82.41,0.29
1411,2025-03-30,192,Antonio Henry,North,Furniture,So,96.13,9,73.92,0.32
1825,2026-01-17,49,Elizabeth Martinez,East,Furniture,Case,,9,26.35,0.17
1389,2024-11-08,180,Jerry Price,South,Furniture,Might,386.23,6,25.34,0.01
1177,2026-01-09,37,Linda Jackson,South,Technology,Garden,373.81,3,66.87,0.15
1747,2026-02-19,197,Richard Bennett,North,Office Supplies,Party,352.82,10,213.61,0.16
1124,2025-05-18,17,Warren Williams,East,Technology,Field,376.54,9,73.71,0.47
1967,2026-01-14,105,Tristan Singh,East,Office Supplies,Various,739.68,2,149.73,0.25
1302,2024-12-02,151,Shelly Wade,South,Furniture,Bit,391.4,3,-5.37,0.27
1432,2025-11-07,135,Samantha Werner,South,Furniture,Tonight,137.22,3,198.68,0.32
1609,2024-07-17,197,Alexandra English,East,Office Supplies,Show,900.39,2,155.27,0.05
1115,2025-03-28,163,Mark Rodriguez,South,Technology,Trial,117.49,7,176.2,0.19
1465,2025-12-05,198,James Long,North,Office Supplies,Key,615.23,6,234.08,0.34
1982,2024-06-03,130,Makayla Conley,North,Office Supplies,History,,4,158.56,0.45
1859,2024-09-02,128,Elizabeth Moreno,North,Technology,Either,70.71,7,187.98,0.41
1158,2025-12-02,191,Russell Cortez,East,Furniture,Project,355.32,8,289.58,0.02
1749,2024-11-25,126,Nicole Mathews,East,Furniture,Run,658.04,3,177.53,0.14
1116,2024-07-22,57,Eddie Brown,East,Technology,Friend,86.85,5,41.54,0.41
1781,2026-04-21,152,Cynthia Berry,South,Office Supplies,Range,603.36,5,280.47,0.12
1332,2025-07-17,52,Darrell Garcia,West,Office Supplies,Any,305.09,1,186.29,0.2
1532,2024-12-25,114,Mr. Bryan Wood,West,Furniture,Yourself,485.87,5,-3.75,0.18
1447,2024-09-15,28,Casey Ford,West,Office Supplies,Bed,392.6,2,79.21,0.26
1417,2025-05-07,53,Gary Wilson MD,North,Furniture,About,796.96,4,137.98,0.5
1318,2024-06-24,73,Cassie Little,East,Technology,Walk,710.59,1,241.8,0.22
1937,2025-08-10,184,Kara Johnson,East,Office Supplies,How,986.97,7,13.69,0.4
1157,2025-12-23,81,Sarah Zamora,North,Office Supplies,Few,242.42,2,226.34,0.2
1080,2024-07-28,177,Alex Ray,North,Office Supplies,Send,999.38,2,178.36,0.43
1809,2025-12-19,95,Kristy Hogan,West,Office Supplies,Seek,827.75,3,72.85,0.23
1828,2024-08-28,7,Samuel Lester,South,Technology,Pass,861.2,7,272.71,0.34
1979,2025-06-29,154,Blake Adams,West,Furniture,Civil,185.59,5,236.03,0.46
1896,2026-03-31,124,Michael Mcgee,North,Office Supplies,Majority,882.73,4,120.65,0.14
1740,2025-08-30,30,Judith Stephens,East,Furniture,College,646.23,3,-48.29,0.01
1267,2024-10-06,106,Samantha Adams,East,Office Supplies,Here,929.24,5,-48.46,0.35
1724,2026-03-05,37,Cynthia Taylor,North,Technology,Gas,727.82,9,277.11,0.42
1327,2024-09-02,114,Patricia Abbott,West,Furniture,Explain,85.31,5,124.23,0.1
1085,2024-09-14,190,Larry Gutierrez,South,Furniture,Bad,902.76,1,58.57,0.06
1115,2025-07-01,60,Shawn Robinson,South,Technology,Around,183.15,6,219.44,0.49
1938,2026-03-21,157,Michelle Taylor,East,Office Supplies,Hear,458.5,8,215.82,0.24
1241,2024-07-06,101,,South,Office Supplies,Exist,730.92,10,67.82,0.19
1927,2025-05-01,20,Erica Lewis,North,Office Supplies,Should,475.92,9,-14.97,0.27
1558,2024-07-02,196,Brad Jackson,South,Technology,Establish,338.05,8,193.02,0.3
1337,2024-09-06,18,Susan Maldonado,East,Technology,Fly,297.41,10,152.21,0.33
1399,2025-08-13,143,Tara Walker,South,Technology,Certainly,869.98,10,39.51,0.29
1691,2025-05-25,200,Matthew Parker,South,Furniture,Together,340.71,1,142.4,0.41
1962,2024-08-23,132,Daniel Maynard,East,Furniture,Hear,330.97,8,108.21,0.21
1385,2024-07-07,155,Edward Gonzalez,South,Office Supplies,What,68.19,7,254.87,0.38
1971,2025-01-08,101,David Harrison,West,Technology,Human,410.23,7,75.22,0.07
1080,2025-02-08,5,Brandon Nash,East,Office Supplies,Ball,546.61,10,292.81,0.23
1739,2024-12-01,153,Shannon Lowe,East,Furniture,Interesting,469.12,3,286.7,0.33
1954,2024-09-15,188,Ryan Waters,South,Technology,Before,758.12,3,99.58,0.16
1245,2024-07-04,105,Vincent Williams,South,Office Supplies,Term,766.4,5,284.02,0.41
1919,2024-12-26,146,Lori Soto,West,Furniture,Administration,575.7,10,25.95,0.46
1372,2025-09-22,108,Tracy Farmer,North,Furniture,Amount,880.82,9,99.48,0.41
1211,2025-10-13,141,Emily Allen,East,Office Supplies,Yourself,517.0,4,174.01,0.38
1887,2025-07-22,50,Gary Allison,North,Technology,Top,564.25,7,232.93,0.16
1653,2026-03-07,26,Heather Bradley,North,Furniture,Good,385.1,10,167.63,0.06
1764,2024-08-13,91,Jason Flores,South,Office Supplies,Never,856.97,5,47.86,0.44
1815,2025-12-03,94,Cheryl Moore,North,Office Supplies,Dream,893.87,7,135.6,0.32
1010,2025-10-05,66,Rebecca Whitaker,West,Technology,Kid,496.01,9,,0.07
1534,2025-05-16,92,Bethany Mcfarland,North,Furniture,Choose,235.64,9,182.27,0.48
1726,2025-12-23,182,Rebecca Cline,West,Furniture,Wind,231.02,4,273.59,0.04
1223,2024-10-14,199,Emma Green,North,Technology,Green,237.69,6,36.86,0.19
1155,2025-01-24,76,Amanda Rhodes,North,Office Supplies,These,203.97,5,138.94,0.21
1038,2025-04-02,99,Regina Jones,South,Office Supplies,Peace,210.87,1,233.29,0.26
1390,2025-06-14,95,Leah Ferguson,South,Technology,Wait,490.09,10,163.39,0.2
1190,2024-06-06,27,Jonathon Young,South,Office Supplies,Be,167.5,10,225.61,0.34
1110,2025-11-02,185,Lori Stevens,East,Furniture,Class,914.08,10,55.42,0.2
1077,2025-08-27,4,Jennifer Lopez,South,Technology,Bar,971.19,7,166.99,0.25
1703,2025-02-24,29,Christopher Ray,North,Technology,Address,373.99,10,59.61,0.28
1284,2025-10-04,36,Rebecca Nguyen,West,Technology,Improve,618.13,3,48.71,0.4
1640,2025-06-06,117,Randy Robinson,South,Technology,Performance,945.21,8,261.28,0.02
1537,2025-02-07,84,Troy Joyce,South,Furniture,Development,875.32,5,-35.53,0.45
1143,2025-07-19,70,Nancy Mcdonald,East,Technology,Simply,675.45,5,48.58,0.5
1893,2026-04-23,64,James Williams,North,Furniture,Become,498.45,7,149.79,0.31
1755,2025-07-19,59,George Rosales,North,Technology,Try,832.95,6,216.67,0.01
1878,2025-11-23,20,Gregory Ross,North,Furniture,Then,646.16,10,144.31,0.44
1678,2024-05-04,49,Nancy Gonzales,East,Office Supplies,Simple,470.94,5,125.42,0.16
1556,2024-11-12,12,Kayla Kennedy,East,Technology,Pay,813.84,10,218.24,0.25
1010,2025-01-17,70,Angela Conley,North,Technology,When,379.91,4,0.22,0.05
1534,2024-07-04,127,Matthew Hall,West,Furniture,Loss,957.26,9,256.13,0.24
1842,2026-01-14,33,Danny Herring,East,Furniture,Painting,438.28,6,-2.43,0.28
1999,2026-03-06,113,,North,Furniture,Science,424.07,9,-12.86,0.4
1167,2025-06-01,138,Ronald Bonilla,West,Office Supplies,Establish,332.42,2,149.34,0.39
1648,2024-09-10,147,Angela Bradford,West,Office Supplies,Learn,587.52,6,244.86,0.29
1544,2025-12-02,134,Denise Hansen,West,Furniture,Type,642.61,10,206.2,0.13
1679,2026-02-08,153,Robin Smith,South,Furniture,Report,126.7,8,-30.0,0.07
1654,2026-04-02,135,Laura Lopez,West,Technology,Daughter,485.01,4,269.91,0.41
1224,2024-05-27,122,Laura Leon,East,Office Supplies,Between,952.05,4,-8.19,0.48
1173,2025-01-07,3,Beth Martin,East,Furniture,Could,220.57,10,287.97,0.37
1019,2025-07-03,34,Robin Pearson,North,Technology,Girl,611.27,3,,0.1
1192,2025-11-30,159,Samuel Reese,West,Office Supplies,Phone,356.02,7,45.84,0.23
1399,2024-12-02,174,Diana Dunn,East,Furniture,Page,934.32,7,-25.34,0.46
1677,2025-08-04,179,Edward Singh,South,Furniture,Condition,510.6,1,31.74,0.5
1868,2026-02-20,55,Rachael Bishop,West,Furniture,Store,550.54,7,4.22,0.3
1488,2025-10-23,34,Lisa Jones MD,North,Office Supplies,Skill,557.19,1,-15.44,0.43
1428,2026-03-25,49,Jamie Lewis PhD,South,Furniture,Evening,,6,247.04,0.3
1614,2025-07-15,179,Carol Jones,South,Technology,Require,140.62,9,18.23,0.13
1799,2026-01-24,55,Scott Knight,East,Technology,Young,102.05,4,6.39,0.04
1106,2025-08-03,197,,North,Office Supplies,Wonder,324.87,1,49.29,0.44
1214,2025-12-03,173,Brian Reyes,South,Technology,Power,82.55,5,31.8,0.31
1451,2025-01-08,119,Alicia Gibson,West,Office Supplies,Air,306.6,6,94.13,0.47
1668,2024-08-21,19,Juan Best,South,Office Supplies,Adult,989.72,4,268.49,0.1
1419,2026-03-03,118,Crystal Khan,North,Furniture,Environmental,713.13,6,117.81,0.35
1024,2026-01-26,11,Katrina Smith,South,Technology,Put,498.2,9,138.41,0.25
1701,2025-01-05,176,Willie Harris,East,Office Supplies,Anyone,260.0,2,79.72,0.45
1610,2025-09-01,132,Robert Waller,West,Technology,Try,153.74,9,138.03,0.2
1383,2024-11-28,104,Jacob Wright,South,Office Supplies,Recently,779.92,10,34.8,0.07
1097,2024-10-18,52,Andrew Sellers,West,Furniture,Race,655.64,9,119.44,0.24
1409,2025-09-17,97,Craig Huerta,West,Technology,Energy,225.73,7,52.03,0.08
1329,2025-09-07,9,Gregory Rogers,West,Office Supplies,Show,603.88,6,65.95,0.13
1989,2024-08-13,91,Casey Wright,South,Furniture,Attorney,885.63,7,211.66,0.4
1936,2025-06-29,29,Justin Rivera,North,Technology,It,463.8,2,-31.11,0.39
1385,2025-07-04,72,Michele Morris,North,Technology,Develop,411.46,3,112.54,0.41
1227,2024-10-11,147,James Bell DDS,East,Furniture,Learn,755.26,5,130.84,0.23
1599,2026-04-24,70,Terry Morales,West,Technology,Shoulder,995.41,8,-7.7,0.16
1833,2026-04-29,108,Joseph Snyder,North,Office Supplies,End,106.05,10,123.87,0.05
1319,2025-06-24,38,Billy Wright,West,Furniture,Game,715.69,7,2.82,0.36
1339,2024-05-24,49,Andrew Madden,South,Technology,Drive,617.11,6,78.12,0.23
1186,2024-07-07,146,Thomas Johnson,South,Office Supplies,Event,409.94,10,195.55,0.14
1399,2024-11-07,119,Priscilla Herrera,South,Office Supplies,Example,188.48,9,183.49,0.46
1602,2025-05-21,147,Mr. Derrick James MD,East,Technology,Public,326.78,7,36.71,0.29
1695,2026-02-23,10,Loretta Carter,North,Office Supplies,Office,,3,48.34,0.27
1385,2024-10-28,57,Desiree Campbell,South,Furniture,Put,605.62,1,170.01,0.12
1926,2025-11-06,141,Tracy Cross,South,Furniture,Themselves,283.15,7,123.75,0.37
1254,2024-11-11,94,Cody Williams,North,Furniture,Benefit,453.48,4,-25.7,0.0
1507,2026-02-27,59,Meagan Howard,South,Furniture,Available,192.48,4,-14.65,0.22
1750,2024-07-09,133,Erica Morse,East,Office Supplies,Company,104.77,6,94.25,0.19
1801,2026-03-23,99,Anna Garza,East,Office Supplies,Score,698.67,9,281.55,0.02
1821,2025-06-19,111,Amy Fuller,South,Office Supplies,Make,768.4,9,258.1,0.22
1658,2025-12-10,56,Victoria Shepherd,East,Furniture,West,277.48,5,52.11,0.27
1805,2026-03-25,111,Garrett Bell,South,Technology,Level,979.15,3,233.56,0.39
1014,2025-03-09,175,Sonya Moore,North,Furniture,Job,260.96,10,172.04,0.16
1119,2026-04-29,16,Kelly Grant,West,Office Supplies,Foreign,973.15,9,42.15,0.15
1925,2026-03-12,37,Frederick Shaw,West,Technology,Pretty,513.86,4,129.47,0.48
1742,2024-10-07,105,Lauren Holmes,North,Office Supplies,Wait,968.42,5,283.73,0.11
1201,2025-12-29,52,Devin Taylor,North,Furniture,Article,63.87,4,250.23,0.14
1470,2025-06-29,71,John Gay,East,Furniture,Practice,565.72,3,179.09,0.06
1825,2025-01-19,186,Alison Dawson,North,Technology,Night,923.21,4,273.07,0.27
1414,2024-05-04,105,Jordan Garrison,South,Office Supplies,Say,560.16,6,215.98,0.19
1359,2025-11-02,26,Teresa Perez,North,Furniture,Let,948.49,10,62.91,0.45
1318,2025-06-10,103,,South,Technology,Technology,289.83,3,183.0,0.06
1590,2025-07-01,5,Stephen Jones,North,Furniture,Answer,824.01,6,62.13,0.27
1909,2025-10-03,117,Jose Marsh,East,Office Supplies,Foot,334.48,6,147.95,0.27
1614,2026-01-04,130,Melissa Gibson,West,Technology,Offer,874.25,10,210.59,0.21
1749,2024-06-21,69,Mark Baldwin,North,Technology,Series,173.62,3,99.49,0.48
1829,2024-12-12,89,Julia Li,East,Technology,Machine,747.29,7,-12.46,0.47
1969,2026-03-05,69,Christine Lewis,West,Technology,Stock,,1,170.35,0.07
1817,2024-10-26,32,Jaime Daugherty,West,Technology,Science,150.25,8,277.79,0.06
1727,2025-12-26,195,Alex Taylor,West,Office Supplies,Door,236.33,3,215.25,0.1
1918,2025-09-09,180,Jeffrey Ellis,South,Furniture,Assume,724.54,1,209.23,0.14
1610,2026-02-26,182,Luis Curtis,West,Furniture,Television,340.13,6,79.83,0.16
1294,2025-03-14,191,Sandra Leonard,West,Furniture,Wear,450.39,10,10.07,0.08
1361,2025-06-30,77,Antonio Little,South,Office Supplies,Six,250.39,2,-8.17,0.28
1858,2025-10-11,5,Frank Trevino,North,Technology,Enough,64.32,10,80.02,0.49
1158,2025-10-10,11,Kari Porter,West,Furniture,Race,631.73,5,224.07,0.26
1633,2025-02-21,125,Scott Jones,East,Office Supplies,Animal,264.89,4,298.86,0.38
1024,2024-06-17,76,Jessica Durham,East,Technology,Economy,599.16,7,254.39,0.14
1788,2024-11-21,154,Kelly King,North,Technology,Buy,813.5,2,32.18,0.37
1048,2024-05-23,3,Jennifer Pena,East,Furniture,Stock,841.32,10,8.87,0.16
1457,2024-05-07,166,John Patton,West,Technology,My,218.61,6,290.5,0.3
1544,2024-10-28,48,Robert Hansen,South,Furniture,Moment,394.56,4,279.5,0.12
1590,2025-03-02,67,Jasmine Williams,South,Office Supplies,Fall,957.24,7,22.39,0.15
1114,2026-01-05,99,Sarah Smith,South,Technology,Exactly,739.84,1,255.85,0.21
1195,2024-06-18,151,Denise Powers,North,Technology,Even,197.19,4,-27.28,0.07
1840,2025-06-13,123,Cathy Alvarez,South,Technology,Particularly,654.26,3,42.84,0.16
1936,2024-07-13,4,Antonio Harris,East,Technology,Modern,330.03,5,85.53,0.33
1150,2025-01-16,143,Christine Shepard,South,Office Supplies,Ability,348.38,1,228.54,0.07
1580,2025-12-15,90,Stacey Watkins,East,Furniture,Run,205.09,10,31.1,0.38
1916,2026-05-02,171,Melinda Rodriguez,West,Office Supplies,Will,919.59,1,25.08,0.21
1168,2025-10-30,97,Eric Chambers,East,Furniture,Letter,102.86,2,23.47,0.39
1973,2025-11-09,188,Sherry Castaneda,South,Furniture,Whole,818.97,9,22.83,0.29
1412,2024-12-29,43,Sara Lam,North,Office Supplies,New,523.55,2,199.25,0.39
1387,2024-12-27,104,Carrie Torres,West,Office Supplies,Shoulder,679.62,9,184.05,0.25
1707,2024-09-26,134,Lisa Lee,West,Office Supplies,Total,306.35,5,182.16,0.23
1959,2024-07-25,149,Brandon Nguyen,East,Furniture,Finish,932.4,9,45.75,0.28
1217,2024-11-10,171,John Owens,North,Technology,Two,182.24,8,288.42,0.01
1026,2024-09-07,23,Eric Valenzuela,East,Office Supplies,Course,997.11,4,283.34,0.29
1437,2026-04-09,94,Kathryn Terry,North,Furniture,Ahead,117.68,6,88.98,0.47
1706,2025-01-24,182,Caroline Branch,West,Office Supplies,Still,602.04,4,-4.52,0.35
1053,2024-08-13,15,Mindy Anderson,West,Office Supplies,Movement,808.31,8,77.2,0.13
1725,2024-06-20,36,Larry Gonzales,East,Technology,Sea,565.89,3,190.0,0.36
1948,2024-06-09,133,Angela Wiley,South,Furniture,Practice,307.27,5,-42.23,0.19
1084,2025-04-25,188,Melissa Levy,North,Furniture,They,514.51,4,175.52,0.21
1727,2024-07-02,89,Joseph Barnes,West,Furniture,Something,289.2,6,-6.21,0.01
1077,2024-08-02,157,Valerie Bennett,North,Furniture,Next,535.56,6,,0.08
1010,2026-01-16,153,Dustin Payne,South,Technology,Stay,346.42,10,208.4,0.32
1328,2026-04-17,130,Heidi Shepherd,West,Office Supplies,Structure,494.9,3,-27.21,0.25
1662,2025-11-24,72,Derrick Ruiz,South,Office Supplies,Wonder,262.97,2,93.95,0.12
1918,2024-07-09,98,David Brooks,West,Furniture,Lawyer,609.11,3,35.42,0.32
1315,2025-05-21,128,Hannah James,East,Furniture,Town,388.46,9,230.63,0.39
1880,2025-02-16,88,Ronnie Kim,North,Furniture,This,786.3,10,150.65,0.21
1606,2025-10-25,162,Janice Wright,North,Office Supplies,Behavior,422.04,10,277.46,0.08
1591,2025-05-09,37,Alison Bridges,South,Office Supplies,Audience,78.35,2,234.18,0.26
1459,2025-07-11,176,Rick Phillips,East,Office Supplies,I,57.31,2,213.08,0.46
1058,2024-06-18,193,Tracey Rose,East,Technology,Conference,796.54,3,-23.91,0.22
1755,2025-02-22,128,Andrew Shaffer,South,Office Supplies,Image,951.49,7,272.36,0.24
1408,2025-07-14,118,Zoe Barrett,West,Office Supplies,Price,616.43,3,144.17,0.33
1100,2024-10-02,33,Nicole Jenkins,South,Furniture,Speech,857.62,9,218.5,0.09
1027,2025-05-29,134,James Reeves,North,Office Supplies,Their,,1,,0.02
1044,2025-10-10,156,Sandra Carr,South,Furniture,Bed,408.91,10,91.47,0.02
1252,2025-03-02,165,Lisa Chen,West,Office Supplies,Identify,746.99,7,138.08,0.26
1441,2024-12-17,163,Kathleen English,South,Technology,Difficult,767.58,7,223.3,0.03
1460,2025-09-30,7,Pamela Ward,South,Furniture,Keep,194.31,6,268.24,0.4
1587,2024-08-01,57,Terrance Robertson,North,Furniture,View,966.07,7,53.74,0.06
1111,2025-04-20,96,Rebecca Cisneros,North,Furniture,Operation,928.14,5,195.02,0.2
1153,2026-04-01,135,Ian Lucas,West,Furniture,Kind,934.91,4,260.16,0.3
1212,2026-03-07,90,Pamela Byrd,South,Furniture,Federal,147.68,3,200.48,0.45
1470,2026-03-01,73,Lee Washington,West,Furniture,Own,484.06,3,288.01,0.37
1015,2024-06-29,136,Kathy Hernandez,South,Technology,Beautiful,714.01,10,32.37,0.47
1821,2026-03-31,41,Donna Rodriguez,North,Furniture,Imagine,715.51,5,199.2,0.08
1884,2024-09-07,56,Jennifer Sanchez,West,Technology,Money,902.29,8,-8.99,0.19
1931,2025-08-29,21,Angela Foster,East,Office Supplies,Seat,707.45,7,143.44,0.07
1652,2025-06-26,136,Kevin Booth,North,Furniture,Wind,572.78,6,-10.18,0.09
1864,2026-04-01,134,John Robertson,East,Technology,Measure,938.4,3,203.57,0.42
1066,2025-12-04,52,Henry Nelson,East,Office Supplies,Language,234.27,1,196.48,0.4
1074,2025-06-06,171,Kathy Peters,West,Office Supplies,Anything,921.97,1,171.33,0.05
1878,2025-03-15,133,Joanna Johnson,West,Furniture,Score,397.4,10,141.36,0.25
1366,2025-04-30,176,Rhonda Thomas,East,Furniture,Reason,421.56,10,115.65,0.18
1704,2024-07-01,195,Benjamin Johnson,West,Office Supplies,Write,512.54,8,-15.42,0.24
1553,2024-07-01,128,Amy Cruz,West,Office Supplies,Ball,697.79,8,45.88,0.06
1372,2025-09-28,93,Kelly Kim,West,Furniture,Future,122.3,10,114.24,0.4
1390,2024-09-12,1,Cindy Edwards,East,Technology,Plant,413.78,3,165.94,0.15
1104,2025-08-15,82,James Allen,East,Furniture,Doctor,986.52,1,46.91,0.17
1737,2025-03-15,20,Hannah Griffin,North,Technology,View,646.46,8,166.0,0.37
1389,2024-07-13,122,Derek Lowe,East,Furniture,Continue,187.93,6,260.05,0.38
1141,2025-09-15,15,Robert Jimenez,North,Furniture,Cover,291.62,6,18.01,0.47
1756,2025-05-05,54,Ellen Diaz,East,Technology,Others,300.16,3,104.67,0.2
1968,2025-11-05,156,Gregory Murray,South,Technology,Economic,267.03,6,287.84,0.19
1335,2025-06-23,112,Joan Michael,East,Office Supplies,Affect,297.83,10,295.91,0.49
1155,2024-09-05,106,Megan Diaz,South,Furniture,Probably,911.18,2,237.98,0.46
1077,2025-05-11,36,Shelly Spence,West,Office Supplies,May,192.25,2,-22.31,0.14
1824,2026-02-06,186,Lindsey Reed,North,Technology,Seem,590.71,7,33.59,0.1
1608,2025-02-01,143,Vicki Miller,North,Technology,Must,468.39,2,-13.37,0.33
1323,2025-05-15,33,Andrea George,South,Technology,Finally,536.71,10,267.12,0.47
1346,2025-09-08,60,Elizabeth Wright,East,Technology,Hear,209.03,9,117.5,0.37
1174,2024-08-29,107,Dr. Jonathan Taylor IV,North,Technology,Arrive,502.97,1,-28.65,0.2
1065,2026-01-13,36,Stephanie Cook,North,Office Supplies,Wall,939.22,8,-21.56,0.35
1037,2024-06-30,24,Sara Avila,South,Office Supplies,Support,299.16,6,,0.02
1714,2024-10-05,80,Trevor Garcia,South,Technology,Model,615.59,6,,0.3
1130,2024-11-15,179,Michelle Garcia,North,Technology,Class,205.28,2,183.41,0.11
1993,2024-12-03,102,Tracey Harris,West,Office Supplies,Candidate,712.48,9,288.48,0.42
1888,2025-01-03,77,Andrew Ho,South,Furniture,Main,698.89,3,138.57,0.44
1974,2024-06-27,111,Andrew Richmond,North,Office Supplies,Country,,7,68.81,0.14
1115,2025-09-03,156,Timothy Lee,West,Furniture,Power,926.02,7,104.06,0.32
1932,2025-06-24,84,Eric Potter,West,Technology,Performance,252.19,7,82.22,0.29
1611,2025-10-16,41,Stephanie Johnson,North,Technology,Talk,267.37,5,283.01,0.16
1270,2025-03-06,191,Jacob Jacobs,North,Office Supplies,Summer,919.78,8,55.03,0.03
1722,2024-08-15,22,Shane Kaiser,East,Furniture,Store,890.29,3,96.44,0.15
1574,2024-12-28,100,Dawn Morris,West,Office Supplies,Civil,,4,9.57,0.38
1589,2025-08-05,189,Elizabeth Peters,East,Technology,Unit,753.33,2,91.42,0.23
1029,2025-05-30,73,Jason Wang,North,Furniture,Life,56.95,7,204.41,0.29
1985,2024-08-06,4,Gregory Marquez,West,Technology,None,429.1,5,103.1,0.37
1228,2025-05-28,191,Jessica Dunlap,East,Office Supplies,Dinner,417.27,10,233.23,0.15
1710,2025-10-26,159,Donna Herring,West,Furniture,Special,427.04,5,-42.18,0.29
1399,2025-10-23,33,Thomas Campbell,North,Furniture,Human,792.14,8,54.89,0.08
1535,2025-05-30,76,Aaron Cole,East,Furniture,Yes,661.84,7,56.73,0.49
1816,2024-05-18,104,Michelle Jordan,South,Furniture,Gun,966.89,4,115.46,0.43
1817,2025-07-19,123,Sarah Brown,North,Technology,Leave,57.59,8,118.3,0.1
1473,2024-09-11,59,Kaylee Haynes,North,Office Supplies,Stuff,447.45,7,3.32,0.24
1272,2025-01-23,194,Charles Chang,East,Office Supplies,Middle,519.88,2,59.29,0.38
1664,2024-10-11,170,John Davenport,South,Furniture,Follow,304.0,6,41.24,0.16
1588,2024-12-26,3,Andrew Lester,West,Office Supplies,Consumer,139.37,7,225.46,0.13
1586,2024-09-28,175,Ronald Edwards,South,Office Supplies,Difficult,720.23,1,268.35,0.1
1460,2025-03-02,163,Edward Jordan,South,Technology,Help,846.67,8,65.0,0.21
1381,2026-04-19,106,Brenda Yates,North,Office Supplies,Vote,188.57,6,148.86,0.18
1913,2025-05-03,86,Christopher Cruz,East,Furniture,Shoulder,797.49,8,55.66,0.33
1928,2024-06-22,189,Cory Hayes,North,Office Supplies,Main,648.93,8,-45.93,0.17
1896,2025-05-17,193,Brenda Sanders,North,Office Supplies,Ever,189.55,10,160.34,0.2
1786,2025-01-28,48,Jeffery Johnson,South,Office Supplies,Security,782.31,2,-33.99,0.01
1745,2025-04-15,119,Daniel Bell,North,Office Supplies,Front,649.13,4,142.94,0.47
1832,2025-05-23,185,Stacey Lewis,North,Office Supplies,Democrat,150.48,8,155.41,0.36
1182,2025-06-16,32,Jennifer Kelly,West,Technology,Traditional,977.37,8,17.66,0.36
1089,2025-09-21,189,Shirley Robles,East,Office Supplies,Five,637.02,5,84.9,0.22
1122,2025-07-26,124,George Stevens,East,Furniture,Four,444.02,7,163.87,0.04
1987,2024-07-25,65,Cathy Frey,South,Furniture,So,530.35,8,185.8,0.44
1833,2024-08-06,39,Rachel Fisher,West,Furniture,Property,274.82,8,-42.53,0.44
1743,2025-10-22,191,Alexandra Wagner,West,Technology,Grow,958.89,5,79.09,0.37
1730,2025-10-01,36,Heather Walls,West,Technology,Memory,767.02,6,25.82,0.19
1793,2024-07-09,156,Taylor Watkins,East,Technology,Bit,990.25,8,204.29,0.18
1956,2026-03-22,73,John Cherry,East,Technology,Certainly,716.72,9,20.41,0.11
1059,2025-03-14,101,Cory Wilson,North,Office Supplies,Everyone,749.59,4,119.39,0.4
1281,2025-04-19,117,Mario Smith,East,Office Supplies,Production,528.52,6,147.55,0.04
1481,2026-03-02,145,Brandi Allen,North,Office Supplies,Class,816.19,9,81.17,0.43
1517,2025-01-22,117,Nancy Manning,East,Furniture,Someone,394.48,5,208.35,0.36
1548,2025-10-02,129,Kelly Carter,West,Technology,Long,537.4,10,254.15,0.09
1691,2026-04-28,17,Michael Brandt,North,Furniture,Similar,213.92,9,91.77,0.33
1382,2025-10-17,176,Amy Potter,South,Office Supplies,Shoulder,959.79,6,189.88,0.33
1954,2025-06-01,120,Anthony Hall,South,Furniture,Red,64.35,9,210.41,0.14
1213,2024-11-15,141,Stephanie May,East,Office Supplies,Early,576.59,7,268.57,0.23
1579,2024-09-02,170,Angel Holland,North,Furniture,You,63.78,3,113.08,0.42
1368,2026-01-27,49,Jennifer James,South,Furniture,Write,957.75,1,91.91,0.05
1209,2026-04-29,110,Rachel Murray,East,Technology,Or,787.62,9,284.74,0.07
1262,2024-11-30,134,Michelle Mercer,South,Technology,Point,827.21,4,1.03,0.4
1491,2025-01-27,145,Christopher Long,West,Technology,Student,130.0,9,210.3,0.48
1525,2026-02-02,19,Thomas Olson,South,Office Supplies,None,922.16,9,221.82,0.16
1539,2026-03-30,25,Angie May,West,Technology,Listen,907.01,3,262.94,0.35
1549,2025-08-31,129,Alec Edwards,South,Office Supplies,Create,271.97,5,95.31,0.13
1748,2025-12-24,25,Nicole Phillips,South,Office Supplies,Occur,758.22,3,-46.39,0.28
1240,2025-05-12,195,Mario Flynn,West,Furniture,Carry,676.86,8,64.29,0.04
1884,2025-01-31,64,Shannon Clark,North,Technology,Security,471.52,2,223.0,0.05
1793,2024-11-19,150,Brian Duran,West,Office Supplies,Score,383.01,10,183.3,0.13
1681,2024-05-30,182,Allison Fox,South,Office Supplies,Chance,621.68,4,158.15,0.1
1219,2025-12-21,8,Judith Hughes,North,Furniture,Dog,810.09,6,170.17,0.47
1301,2024-10-14,58,Rick Schroeder,South,Office Supplies,Just,510.77,4,105.08,0.27
1958,2024-09-17,47,Rachel Holloway,North,Technology,Discuss,944.82,4,187.77,0.43
1531,2025-10-11,60,Elizabeth Robertson,West,Technology,Eight,869.83,8,147.98,0.06
1506,2024-10-05,67,Elizabeth Rocha,South,Furniture,A,963.25,10,26.73,0.03
1087,2024-06-29,23,Jessica Griffin,East,Furniture,Radio,509.6,2,-49.08,0.25
1708,2024-12-26,111,Alyssa Jenkins,North,Technology,Sense,819.8,10,112.15,0.18
1731,2026-03-19,43,Sally Walker,East,Furniture,Chair,627.15,8,157.17,0.35
1238,2025-09-29,43,Dale Carrillo,East,Office Supplies,Economy,547.1,8,204.14,0.44
1578,2025-08-22,100,Kevin Harrison,South,Furniture,Listen,940.93,5,185.94,0.47
1191,2025-05-08,162,Melissa Nichols,West,Technology,Quite,970.42,5,47.26,0.19
1019,2026-03-26,131,Laura King,South,Office Supplies,Catch,110.46,5,127.11,0.44
1222,2024-12-08,194,Denise Stewart,South,Furniture,Little,600.48,4,161.66,0.18
1044,2025-10-24,167,Sarah Williams,North,Technology,Go,929.58,6,20.04,0.42
1999,2025-09-23,34,Caitlyn Mccormick,West,Technology,Thing,808.65,4,54.17,0.03
1325,2026-01-16,78,William Mann,South,Office Supplies,Surface,646.57,5,152.53,0.19
1942,2024-09-14,74,Michelle Phillips,South,Furniture,Authority,290.98,1,298.55,0.11
1862,2024-10-27,123,Miguel Steele,East,Technology,Anyone,646.18,9,32.61,0.28
1986,2025-06-05,178,Brian Simmons,West,Technology,Total,152.38,3,251.07,0.36
1805,2024-08-05,6,Frank Ward,West,Furniture,Although,54.95,1,99.89,0.36
1195,2025-05-09,49,Ryan Bauer,North,Office Supplies,Democrat,838.61,8,160.22,0.12
1342,2024-10-15,13,Jamie Wright,North,Technology,Oil,70.4,7,73.03,0.49
1464,2026-04-03,116,Troy Maldonado,North,Technology,Information,642.7,4,84.14,0.43
1822,2025-10-22,64,Joshua Beard,West,Technology,Different,366.09,10,-26.88,0.31
1223,2025-05-17,197,Joseph Perkins,South,Office Supplies,Trade,601.28,6,160.34,0.16
1265,2025-10-20,156,Alison Smith,South,Office Supplies,Here,500.5,1,78.25,0.48
1043,2025-02-09,68,Mark White,West,Technology,Candidate,916.73,9,-9.78,0.35
1380,2025-08-13,115,Anna Martinez,West,Office Supplies,Those,530.2,5,-34.15,0.43
1983,2025-03-14,168,Monica Phillips,South,Office Supplies,While,995.23,1,0.65,0.3
1835,2025-08-14,104,Christopher Short,South,Technology,Free,539.48,7,268.01,0.41
1816,2025-06-30,58,Dana Mckinney,West,Office Supplies,We,232.51,4,102.06,0.28
1811,2024-06-18,34,Christopher Wong,North,Furniture,Save,531.97,1,242.25,0.18
1711,2026-02-18,62,Jared Barajas,South,Technology,Opportunity,307.99,8,277.4,0.18
1598,2024-05-21,93,,South,Furniture,Recognize,371.93,6,253.85,0.1
1277,2025-09-03,186,Stacey Matthews,East,Office Supplies,New,790.77,9,32.12,0.48
1881,2024-06-22,107,Amy Gonzalez,North,Technology,Practice,826.48,5,96.25,0.19
1785,2024-05-15,196,Molly Morales DDS,East,Technology,Watch,630.12,5,189.17,0.32
1606,2025-01-09,42,Michael Campbell,South,Technology,Raise,986.34,8,273.48,0.26
1511,2026-01-03,17,Todd Johnson,South,Furniture,Condition,678.83,2,156.36,0.05
1548,2024-07-20,154,Michael Horton,North,Furniture,Quite,195.73,5,225.98,0.12
1656,2024-05-22,96,Justin Martin,West,Technology,Each,150.59,5,269.33,0.28
1246,2024-05-18,123,Michael Simpson,North,Technology,Including,390.14,6,228.74,0.11
1158,2025-12-04,170,Ryan Martinez,South,Furniture,Hotel,746.14,9,240.96,0.29
1183,2026-03-04,97,Amber Greene,South,Furniture,Performance,763.73,1,252.61,0.21
1272,2025-10-30,103,Amy Marshall,North,Furniture,Market,511.47,1,294.3,0.43
1630,2026-01-14,72,Julie Moore,East,Technology,Often,525.72,6,68.63,0.38
1889,2025-07-17,21,Deborah Stout,North,Office Supplies,Visit,833.49,3,289.58,0.36
1928,2024-06-18,2,Michael Mcguire,East,Furniture,Open,736.68,5,204.95,0.13
1645,2025-07-15,128,Karen King,West,Technology,Have,146.83,4,209.76,0.34
1338,2026-02-11,152,Kelly Torres,South,Furniture,Room,303.42,1,264.98,0.23
1037,2025-02-11,139,Lisa Lopez,North,Office Supplies,Region,218.84,7,277.29,0.28
1117,2025-08-19,96,Donna Chase,West,Furniture,Write,932.25,3,206.4,0.09
1444,2025-12-14,162,Joshua Warner,East,Office Supplies,Describe,300.06,9,6.32,0.45
1189,2025-10-01,71,Lauren Jennings,South,Technology,He,604.77,7,-18.59,0.06
1025,2025-08-14,16,Christine Blackwell,North,Office Supplies,Coach,353.91,6,88.3,0.05
1195,2024-11-26,186,Sheri Ruiz,North,Technology,Important,823.03,7,-45.37,0.15
1098,2024-07-31,151,Chad Gonzalez,East,Office Supplies,Enough,889.55,1,5.19,0.02
1046,2026-01-27,14,Marissa Phelps,North,Office Supplies,Parent,676.0,5,193.4,0.33
1531,2025-01-05,36,Patrick Hernandez,West,Office Supplies,Husband,480.13,3,,0.46
1051,2026-02-27,191,Sherri Christian,North,Technology,Anything,870.77,10,26.37,0.19
1402,2025-04-22,146,Norman Richmond,East,Technology,Pick,281.16,2,64.57,0.02
1949,2025-07-14,62,,West,Technology,Consumer,376.7,5,212.43,0.21
1858,2024-06-29,138,Charles Rodriguez,South,Technology,Community,957.66,10,,0.49
1832,2025-01-08,124,Calvin Jimenez,East,Office Supplies,Place,862.61,9,243.94,0.19
1050,2026-01-03,157,Diana Lewis,West,Office Supplies,Method,255.0,2,299.27,0.38
1046,2026-03-28,3,Jordan Butler,East,Technology,Population,816.71,8,39.2,0.02
1323,2025-07-03,99,Jamie Mccann,East,Technology,And,667.23,4,17.56,0.12
1981,2024-12-22,23,Robert Morgan,East,Technology,Possible,229.93,5,-13.44,0.25
1482,2025-04-09,160,Lindsey Johnson,West,Furniture,Dream,107.14,9,47.53,0.21
1609,2026-03-04,40,Anthony Smith,South,Office Supplies,Teach,826.31,5,23.41,0.0
1681,2025-08-28,192,Cody Ramos,West,Furniture,Economic,192.43,9,109.96,0.25
1606,2025-07-05,55,Timothy Davis,North,Technology,Night,226.35,6,81.6,0.38
1194,2025-02-27,109,,South,Office Supplies,Resource,138.3,2,-40.08,0.43
1304,2026-04-15,34,Robert Hughes,South,Office Supplies,There,968.95,10,126.91,0.15
1740,2024-06-11,189,Alexander Stokes,East,Office Supplies,Effect,563.68,4,246.79,0.42
1312,2025-07-09,5,,South,Office Supplies,Although,414.02,5,124.89,0.33
1381,2025-08-11,170,Anita Espinoza,West,Technology,Two,238.73,10,96.33,0.2
1130,2025-05-31,5,Sophia Gonzalez,West,Furniture,Certain,927.05,9,-45.63,0.4
1509,2025-10-02,11,Alyssa Patel,South,Technology,Really,559.97,6,138.39,0.33
1874,2024-08-14,72,James Torres,East,Furniture,Our,891.01,7,270.85,0.33
1824,2024-10-15,123,Roger Hurst,West,Furniture,Never,240.9,10,294.31,0.23
1865,2026-01-01,82,Meghan Hernandez,East,Office Supplies,Shoulder,410.63,7,156.84,0.15
1141,2025-02-09,40,Kimberly Mcdonald,South,Office Supplies,Positive,671.6,4,60.77,0.35
1883,2024-10-30,2,Andrew Hayes,East,Office Supplies,Seem,426.26,4,77.23,0.04
1400,2024-06-20,190,Samuel Smith,East,Furniture,Store,198.91,2,39.3,0.34
1931,2026-01-11,62,Jerry Fleming,West,Technology,Doctor,414.32,3,170.55,0.3
1899,2025-11-11,199,James Green,East,Furniture,Hotel,624.18,2,128.33,0.42
1202,2025-11-06,79,,North,Technology,Want,330.64,5,53.79,0.39
1780,2026-01-13,49,Austin Gonzales,East,Technology,Staff,304.98,9,149.13,0.08
1083,2026-04-18,123,Jacob Berry Jr.,East,Furniture,Dark,127.31,2,89.54,0.26
1483,2024-07-29,112,Kevin Lucas,East,Furniture,Beat,175.62,6,91.71,0.31
1681,2025-11-30,39,Nicole Jensen,South,Furniture,Heavy,875.95,7,162.83,0.45
1146,2026-02-08,100,Mario Collins,North,Furniture,I,267.06,6,100.21,0.17
1085,2024-05-10,105,Marcus Munoz,North,Office Supplies,Since,,8,183.9,0.12
1337,2025-06-14,52,John Crawford,West,Technology,Development,108.97,3,38.25,0.32
1948,2025-11-19,1,Samantha Vargas,East,Furniture,Example,582.14,10,249.96,0.28
1975,2025-11-28,194,Eric Dominguez,South,Furniture,Beyond,146.7,6,170.78,0.35
1627,2026-03-06,67,Rachel Rivas,West,Office Supplies,Military,496.73,8,10.84,0.5
1055,2025-10-15,132,Jacqueline Mitchell,West,Furniture,Attorney,62.23,9,116.34,0.17
1122,2025-09-02,10,Terry Tyler,East,Furniture,Woman,808.04,2,87.51,0.0
1631,2024-10-06,111,Dr. Sandra Aguilar,East,Technology,Painting,747.56,6,44.2,0.26
1729,2025-04-29,42,Cody Durham,South,Furniture,White,703.54,4,245.34,0.26
1856,2025-12-06,148,Jennifer Davis,South,Office Supplies,Money,586.63,1,-3.06,0.23
1549,2025-10-27,150,Beth Wheeler,South,Office Supplies,Manager,688.54,9,139.67,0.0
1827,2026-04-28,199,Michael Roberts,North,Technology,Air,342.12,5,-42.15,0.14
1109,2025-10-23,20,William King,East,Technology,Court,869.07,7,-49.82,0.49
1617,2025-04-09,100,Jason Kelly,West,Office Supplies,Way,484.96,10,221.74,0.31
1858,2025-11-08,104,Joseph Smith,North,Technology,Whom,620.9,1,-48.83,0.21
1907,2024-12-19,147,Laurie Proctor,East,Technology,Part,468.82,9,189.31,0.31
1871,2026-04-24,44,Susan King,South,Technology,Later,272.57,1,-26.58,0.14
1048,2024-07-29,199,Marc Garcia,East,Furniture,Mouth,488.71,7,223.06,0.43
1703,2025-05-07,31,Alexander Ponce,West,Office Supplies,Lose,356.64,10,17.87,0.01
1598,2025-09-17,140,Tanner Faulkner,South,Furniture,Later,156.36,5,254.81,0.48
1898,2025-06-27,24,Katherine Horton,East,Office Supplies,Production,70.96,10,186.83,0.01
1020,2024-06-25,155,Juan Stephenson,North,Furniture,Security,976.54,8,-23.01,0.03
1129,2024-09-09,86,Taylor Hood,North,Office Supplies,Century,584.79,3,65.23,0.32
1799,2025-06-10,188,Rachel York,South,Office Supplies,Mr,368.2,2,272.79,0.46
1555,2024-08-29,101,Timothy Walker,South,Technology,Put,236.12,5,11.81,0.47
1251,2024-12-16,69,Laurie Wallace,North,Office Supplies,Discuss,66.82,10,97.98,0.5
1165,2025-08-12,103,Sarah Mccarthy,North,Technology,Unit,998.87,7,270.56,0.29
1276,2024-11-28,42,Jacob Hall,East,Furniture,Series,782.82,3,273.65,0.11
1520,2025-05-02,193,Shelly Mata,East,Technology,Hear,511.67,9,36.37,0.18
1907,2025-08-02,160,,North,Technology,Little,681.4,5,31.04,0.02
1972,2025-05-23,33,Jessica Newman,North,Furniture,Upon,170.43,7,203.29,0.33
1587,2024-05-29,10,Russell Woods,West,Furniture,The,84.31,3,50.43,0.19
1549,2024-12-29,143,Richard Garcia,East,Furniture,Energy,433.44,5,211.83,0.28
1563,2026-02-20,15,Collin Gallagher,North,Furniture,Responsibility,284.47,10,34.43,0.16
1394,2026-03-13,136,Jose Sanders,South,Furniture,Build,979.18,1,210.11,0.48
1125,2024-05-13,21,Nathan Owens,South,Furniture,Allow,903.44,1,-5.62,0.05
1972,2025-07-18,89,Harold Strickland,West,Office Supplies,Word,138.96,4,19.56,0.25
1197,2024-05-29,53,Diane Livingston,North,Technology,Recognize,425.36,4,257.18,0.29
1170,2025-11-19,47,Bethany Mckenzie,South,Furniture,Once,367.26,4,178.04,0.31
1320,2025-05-29,196,Janet Johnson,East,Technology,Couple,775.42,10,268.81,0.16
1162,2025-08-31,26,Melissa Dean,North,Office Supplies,Though,101.12,2,-43.58,0.23
1082,2024-06-09,64,Tim Farley,North,Furniture,Size,559.38,2,36.69,0.18
1975,2024-06-27,118,Laura Sanders,West,Furniture,Often,500.28,10,292.59,0.28
1955,2025-11-30,125,Rodney Shah,North,Furniture,Camera,642.17,6,257.69,0.15
1414,2024-12-06,104,Willie Edwards,East,Furniture,Fine,652.51,1,168.5,0.39
1485,2024-11-13,35,Rebecca Parker,North,Furniture,This,882.97,3,273.47,0.13
1105,2025-09-03,121,Barbara Potter,West,Office Supplies,Kitchen,,1,298.82,0.42
1080,2024-10-19,131,Misty Garner,South,Office Supplies,Official,713.53,1,-26.13,0.32
1974,2025-08-15,115,Lee Arnold,West,Office Supplies,Kitchen,961.67,9,215.2,0.12
1534,2025-08-10,196,Frank Martinez,West,Furniture,Evening,305.14,6,179.54,0.03
1480,2024-12-31,178,Bethany Murphy,East,Office Supplies,Prepare,331.92,9,20.58,0.29
1544,2025-07-12,158,Todd Castillo,South,Technology,War,941.68,8,144.41,0.01
1046,2025-11-01,14,Tony Williams,West,Furniture,Make,108.93,2,266.64,0.13
1034,2024-11-02,195,Amber Juarez,South,Technology,Use,193.49,4,-20.5,0.48
1992,2024-10-03,54,Kim Velasquez,North,Furniture,Treatment,234.06,5,292.43,0.39
1225,2025-06-01,34,Jessica West,North,Technology,Born,494.07,3,,0.42
1940,2024-11-16,186,Pamela Brewer,West,Office Supplies,Particular,594.73,1,192.62,0.39
1205,2024-10-22,6,Timothy Aguilar,East,Office Supplies,Answer,936.29,10,25.75,0.03
1871,2026-04-12,36,Devin Mcintosh,North,Technology,Stay,532.05,4,-18.11,0.06
1138,2025-04-07,80,Tracy Jackson,South,Technology,Brother,408.31,4,262.13,0.45
1307,2025-06-07,55,Samantha Carter,South,Office Supplies,Wonder,947.48,8,236.9,0.41
1637,2026-01-19,132,Michael Owens,South,Technology,Box,200.55,2,274.13,0.43
1098,2025-09-01,135,Michael Neal,South,Furniture,Onto,746.99,4,49.96,0.01
1202,2026-04-19,130,Larry Fitzgerald,North,Office Supplies,Reduce,806.59,2,,0.23
1417,2025-03-02,190,Dr. Olivia Thomas,North,Office Supplies,Reach,137.89,9,187.84,0.15
1564,2024-12-09,20,Chris Rodriguez,South,Furniture,Bring,918.39,3,73.58,0.33
1916,2025-09-10,11,Heather Thomas,South,Furniture,The,178.7,5,282.92,0.41
1084,2024-05-13,115,Teresa Alvarez,South,Office Supplies,Daughter,420.99,7,50.28,0.37
1487,2024-10-07,79,Angela Miller,East,Office Supplies,Out,634.56,6,33.27,0.15
1444,2025-11-15,180,Amy Stanley,South,Technology,Place,143.56,9,19.7,0.16
1361,2025-10-23,138,Misty Ramirez,West,Furniture,Could,458.25,6,,0.24
1808,2024-10-01,138,Jennifer Miller,North,Technology,Effect,952.53,9,58.64,0.47
1752,2026-04-22,199,Mark Myers,North,Furniture,Young,152.11,7,210.2,0.33
1237,2025-06-30,46,Tina Palmer,North,Furniture,Detail,700.89,3,86.4,0.33
1141,2025-03-23,39,Kimberly Clark,East,Technology,Region,576.0,1,138.02,0.41
1318,2024-11-05,68,Martha Clark,East,Technology,Identify,92.11,3,105.86,0.23
1990,2024-05-16,131,Joseph Nguyen,East,Furniture,Rest,116.57,2,204.73,0.02
1011,2026-01-31,95,John Cobb,North,Furniture,Consider,868.54,9,-21.48,0.22
1466,2026-01-18,139,Timothy Miller,East,Technology,Or,690.02,6,31.93,0.12
1093,2024-05-28,133,Anthony Rodriguez,West,Technology,Better,983.34,10,111.01,0.36
1678,2025-05-27,70,Justin Bernard,West,Office Supplies,Language,369.33,9,267.84,0.46
1667,2025-08-08,195,James Thompson,South,Office Supplies,Sit,435.25,9,53.46,0.09
1079,2025-03-04,108,Jonathan Rodriguez,East,Furniture,Staff,68.76,2,117.42,0.19
1393,2024-07-13,152,Shelly Weber,North,Technology,Others,255.42,6,121.21,0.26
1502,2025-05-19,5,Thomas Phillips,West,Office Supplies,Message,975.5,10,97.7,0.22
1970,2024-11-17,13,Richard Howell,North,Office Supplies,Kid,123.92,5,124.87,0.38
1591,2024-06-13,140,Danielle Wang,East,Furniture,Night,632.22,2,152.89,0.35
1171,2024-07-01,62,Christopher Johnson,West,Furniture,Share,220.14,9,76.03,0.21
1961,2024-05-16,149,Elizabeth Collins,West,Office Supplies,Kind,612.29,10,69.42,0.3
1076,2024-07-29,80,Amanda Sanders,North,Furniture,Art,417.73,5,110.98,0.13
1597,2025-04-22,45,Peter Miranda,South,Office Supplies,Second,809.02,5,244.04,0.28
1686,2024-07-13,46,Johnathan Reyes,North,Office Supplies,Community,231.17,6,216.12,0.07
1485,2024-06-04,182,Christopher Lambert,North,Furniture,Run,151.66,3,101.16,0.35
1416,2024-09-28,131,Shelley Drake,East,Technology,Score,905.81,8,-46.16,0.09
1817,2025-11-01,50,Caitlin Haynes,North,Technology,Window,441.78,8,-35.19,0.37
1765,2024-10-08,117,Rhonda Noble,East,Furniture,Mission,734.41,6,126.27,0.1
1183,2025-04-22,63,Mindy Watson,South,Furniture,Item,656.98,3,221.31,0.44
1996,2024-11-04,44,Daniel Hamilton,North,Furniture,Music,742.51,7,2.6,0.27
1825,2024-08-14,194,Nancy Lamb,North,Technology,Kid,58.07,8,208.41,0.38
1807,2025-12-20,173,Stephanie Reed,South,Technology,Already,470.33,3,238.9,0.38
1682,2025-07-15,34,James Smith,North,Technology,Help,115.5,10,-0.87,0.17
1115,2026-03-19,30,,West,Technology,Build,779.05,8,23.89,0.32
1209,2024-08-07,189,Joanna Smith,East,Furniture,Town,182.46,5,273.58,0.23
1043,2026-05-01,175,Tiffany Rios,South,Office Supplies,Hold,,7,256.56,0.12
1317,2024-12-10,169,Joshua Caldwell,West,Furniture,However,524.14,1,23.25,0.36
1876,2026-04-05,109,Michael Meyers,South,Technology,Guess,936.6,9,136.27,0.32
1279,2024-05-17,187,Nicole Wagner,South,Technology,Performance,296.98,9,174.13,0.13
1511,2024-09-28,66,Gina Carney,South,Technology,Pattern,197.47,3,219.78,0.01
1576,2024-07-15,124,Jasmine Lee,South,Furniture,Mean,439.91,9,258.92,0.02
1297,2025-12-09,108,Nicole Wilson,South,Technology,Easy,143.77,4,121.19,0.38
1547,2026-02-26,159,Jacob Jones,East,Furniture,Lot,402.3,3,9.3,0.45
1073,2025-08-25,129,Tammy Arroyo,South,Furniture,Partner,230.77,1,-29.46,0.05
1505,2025-04-04,121,Eddie Miller,North,Technology,Win,620.92,7,-37.65,0.26
1354,2025-12-10,30,Edwin Moses,South,Office Supplies,Detail,253.7,1,275.48,0.47
1393,2025-01-17,43,Kelly Ramirez,West,Furniture,Account,705.33,3,223.63,0.48
1335,2025-09-19,97,John Hampton,East,Technology,Oil,355.15,1,131.68,0.44
1641,2025-12-02,44,Jacqueline Webb,West,Furniture,Also,673.58,10,243.71,0.25
1704,2024-07-01,195,Benjamin Johnson,West,Office Supplies,Write,512.54,8,-15.42,0.24
1743,2025-10-22,191,Alexandra Wagner,West,Technology,Grow,958.89,5,79.09,0.37
1158,2025-10-10,11,Kari Porter,West,Furniture,Race,631.73,5,224.07,0.26
1576,2024-07-15,124,Jasmine Lee,South,Furniture,Mean,439.91,9,258.92,0.02
1098,2024-07-31,151,Chad Gonzalez,East,Office Supplies,Enough,889.55,1,5.19,0.02
1212,2026-03-07,90,Pamela Byrd,South,Furniture,Federal,147.68,3,200.48,0.45
1223,2024-10-14,199,Emma Green,North,Technology,Green,237.69,6,36.86,0.19
1115,2025-09-03,156,Timothy Lee,West,Furniture,Power,926.02,7,104.06,0.32
1884,2025-01-31,64,Shannon Clark,North,Technology,Security,471.52,2,223.0,0.05
1342,2024-10-15,13,Jamie Wright,North,Technology,Oil,70.4,7,73.03,0.49
1194,2025-02-27,109,Andrea Lee,South,Office Supplies,Resource,138.3,2,-40.08,0.43
1080,2024-07-28,177,Alex Ray,North,Office Supplies,Send,999.38,2,178.36,0.43
1815,2025-12-03,94,Cheryl Moore,North,Office Supplies,Dream,893.87,7,135.6,0.32
1631,2024-10-06,111,Dr. Sandra Aguilar,East,Technology,Painting,747.56,6,44.2,0.26
1076,2024-07-29,80,Amanda Sanders,North,Furniture,Art,417.73,5,110.98,0.13
1451,2025-01-08,119,Alicia Gibson,West,Office Supplies,Air,306.6,6,94.13,0.47
1470,2025-06-29,71,John Gay,East,Furniture,Practice,565.72,3,179.09,0.06
1989,2024-08-13,91,Casey Wright,South,Furniture,Attorney,885.63,7,211.66,0.4
1993,2024-12-03,102,Tracey Harris,West,Office Supplies,Candidate,712.48,9,288.48,0.42
1104,2025-08-15,82,James Allen,East,Furniture,Doctor,986.52,1,46.91,0.17
